{
  "start": {
    "actions": {
      "right": [
        {
          "p": 1,
          "next": {
            "rewards": [
              {
                "p": 0.6666666666666666,
                "value": 1
              },
              {
                "p": 0.3333333333333333,
                "value": 0
              }
            ]
          }
        }
      ],
      "left": [
        {
          "p": 1,
          "next": {
            "rewards": [
              {
                "p": 0.3333333333333333,
                "value": 1
              },
              {
                "p": 0.6666666666666666,
                "value": 0
              }
            ]
          }
        }
      ]
    }
  }
}
